,City,Country,Date,Cloudiness,Humidity,Latitude,Longitude,Max Temp,Wind Speed
0,cayenne,GF,1578958864,90,83,4.93,-52.33,299.15,2.6
1,semey,KZ,1578958864,67,92,50.41,80.23,258.84,1.93
2,sao joao da barra,BR,1578958864,100,92,-21.64,-41.05,297.71,4.21
3,salalah,OM,1578958865,0,25,17.02,54.09,292.15,4.6
4,husavik,IS,1578958865,90,80,66.04,-17.34,274.15,8.7
5,hithadhoo,MV,1578958865,100,72,-0.6,73.08,301.02,4.4
6,balloch,GB,1578958865,98,75,56.0,-4.58,279.26,13.9
7,jamestown,US,1578958865,90,86,42.1,-79.24,277.15,5.1
8,atuona,PF,1578958866,9,76,-9.8,-139.03,300.84,6.83
9,ushuaia,AR,1578958866,90,87,-54.8,-68.3,285.15,3.6
10,bethel,US,1578958866,90,100,41.37,-73.41,280.37,1.0
11,punta arenas,CL,1578958697,75,62,-53.15,-70.92,288.15,7.2
12,berlevag,NO,1578958867,90,86,70.86,29.09,270.15,9.8
13,diebougou,BF,1578958867,0,18,10.97,-3.25,296.38,5.1
14,lamar,US,1578958867,90,62,33.67,-95.58,288.15,4.1
15,egvekinot,RU,1578958867,100,100,66.32,-179.17,249.03,1.77
16,puerto ayora,EC,1578958668,90,69,-0.74,-90.35,301.15,6.2
17,itanagar,IN,1578958868,0,48,27.1,93.62,285.42,1.46
18,bluff,NZ,1578958868,26,52,-46.6,168.33,288.72,3.11
19,cape town,ZA,1578958683,20,94,-33.93,18.42,294.82,5.7
20,kavaratti,IN,1578958868,3,69,10.57,72.64,300.58,4.47
21,thompson,CA,1578958868,90,84,55.74,-97.86,257.15,2.6
22,mataura,NZ,1578958869,21,54,-46.19,168.86,292.04,1.1
23,rikitea,PF,1578958869,0,80,-23.12,-134.97,298.73,4.51
24,ust-nera,RU,1578958869,100,99,64.57,143.2,237.7,1.31
25,chokurdakh,RU,1578958870,99,96,70.63,147.92,245.33,0.71
26,norman wells,CA,1578958870,5,75,65.28,-126.83,245.15,5.1
27,victoria,HK,1578958763,20,72,22.29,114.16,291.15,6.7
28,san cristobal,VE,1578958870,40,61,7.77,-72.22,301.15,1.0
29,kantunilkin,MX,1578958939,40,83,21.09,-87.45,300.15,3.1
30,manggar,ID,1578958939,95,81,-2.88,108.27,300.47,5.05
31,buncrana,IE,1578958940,93,83,55.13,-7.45,274.96,5.06
32,zeya,RU,1578958940,7,98,53.75,127.27,246.04,1.47
33,upernavik,GL,1578958940,100,89,72.79,-56.15,252.02,3.53
34,vardo,NO,1578958940,90,85,70.37,31.11,268.15,2.6
35,mildura,AU,1578958672,30,25,-34.2,142.15,309.26,2.6
36,tuktoyaktuk,CA,1578958941,20,63,69.45,-133.04,251.15,6.7
37,albany,US,1578958941,90,80,42.6,-73.97,277.15,3.1
38,hilo,US,1578958941,100,100,19.73,-155.09,297.59,3.13
39,sitka,US,1578958941,1,29,57.05,-135.33,269.15,2.6
40,georgetown,MY,1578958942,20,83,5.41,100.34,298.15,1.0
41,khatanga,RU,1578958942,0,89,71.97,102.5,246.19,2.96
42,bambous virieux,MU,1578958942,75,94,-20.34,57.76,299.82,1.5
43,chissamba,AO,1578958942,100,91,-12.17,17.33,291.08,2.15
44,chuy,UY,1578958942,0,71,-33.7,-53.46,292.19,4.78
45,smithers,CA,1578958943,20,76,54.78,-127.17,249.15,2.6
46,macenta,GN,1578958943,0,31,8.54,-9.47,295.31,1.47
47,caravelas,BR,1578958943,0,88,-17.71,-39.25,299.52,6.07
48,yulara,AU,1578958943,14,13,-25.24,130.99,307.15,7.2
49,phalia,PK,1578958943,12,96,32.43,73.58,280.48,2.66
50,buritis,BR,1578958940,61,75,-15.62,-46.42,295.13,1.08
51,haapiti,PF,1578958944,75,69,-17.57,-149.87,301.15,2.1
52,hobart,AU,1578958944,75,59,-42.88,147.33,295.93,2.6
53,virginia beach,US,1578958747,90,93,36.85,-75.98,294.15,3.1
54,tessalit,ML,1578958944,0,32,20.2,1.01,283.09,6.2
55,kudahuvadhoo,MV,1578958945,100,79,2.67,72.89,300.38,6.27
56,meulaboh,ID,1578958662,89,76,4.14,96.13,300.55,1.95
57,cascavel,BR,1578958945,40,78,-24.96,-53.46,298.15,2.6
58,tambura,SS,1578958945,37,21,5.6,27.47,291.27,0.87
59,luocheng,CN,1578958946,76,89,29.38,104.03,279.91,0.44
60,bengkulu,ID,1578958946,99,86,-3.8,102.27,295.97,1.4
61,gubkinskiy,RU,1578958946,100,93,64.43,76.5,263.86,8.23
62,konevo,RU,1578958946,96,88,62.12,39.32,271.21,4.49
63,mar del plata,AR,1578958946,90,77,-38.0,-57.56,293.15,7.2
64,port hardy,CA,1578958946,75,63,50.7,-127.42,270.15,6.2
65,kristiansund,NO,1578958947,100,39,63.11,7.73,280.15,7.7
66,port lincoln,AU,1578958947,0,69,-34.73,135.87,294.15,3.95
67,butaritari,KI,1578958947,100,83,3.07,172.79,301.05,7.63
68,uinskoye,RU,1578958948,99,91,56.88,56.58,270.44,4.53
69,rocha,UY,1578958948,0,75,-34.48,-54.33,289.98,4.42
70,torbay,CA,1578958948,20,66,47.67,-52.73,264.26,3.1
71,katsuura,JP,1578958948,20,70,35.13,140.3,281.48,4.1
72,bud,US,1578958949,1,86,39.45,-86.18,278.15,1.5
73,soderhamn,SE,1578958949,30,97,61.3,17.06,274.26,1.79
74,arraial do cabo,BR,1578958828,90,83,-22.97,-42.03,298.15,2.1
75,tondano,ID,1578958949,20,100,1.3,124.91,298.15,0.5
76,katsina,NG,1578958950,44,26,12.99,7.6,296.92,5.12
77,soyo,AO,1578958950,84,85,-6.13,12.37,299.25,2.15
78,port alfred,ZA,1578958950,80,94,-33.59,26.89,294.26,2.24
79,vaini,TO,1578958950,20,79,-21.2,-175.2,302.15,4.1
80,olafsvik,IS,1578958951,100,76,64.89,-23.71,273.6,23.49
81,idanre,NG,1578958951,2,97,7.11,5.12,296.56,0.76
82,kaitangata,NZ,1578958951,2,73,-46.28,169.85,287.59,5.36
83,eyl,SO,1578958951,23,79,7.98,49.82,297.52,12.06
84,busselton,AU,1578958952,0,36,-33.65,115.33,296.48,5.92
85,ostrovnoy,RU,1578958952,77,92,68.05,39.51,264.69,7.11
86,southbridge,US,1578958952,90,86,42.08,-72.03,278.15,2.1
87,airai,TL,1578958952,100,81,-8.93,125.41,296.18,0.8
88,carutapera,BR,1578958953,97,76,-1.2,-46.02,300.84,5.24
89,brae,GB,1578958953,97,81,60.4,-1.35,281.15,14.4
90,adre,TD,1578958953,0,20,13.47,22.2,287.41,3.62
91,barrow,US,1578958953,40,84,71.29,-156.79,256.15,4.6
92,hermanus,ZA,1578958953,29,83,-34.42,19.23,296.48,4.02
93,nikolskoye,RU,1578958953,90,87,59.7,30.79,275.93,4.0
94,coahuayana,MX,1578958954,40,42,18.73,-103.68,302.15,1.05
95,camana,PE,1578958954,92,87,-16.62,-72.71,290.36,2.01
96,huarmey,PE,1578958954,13,71,-10.07,-78.15,295.05,2.62
97,cidreira,BR,1578958954,21,70,-30.18,-50.21,296.39,7.47
98,narsaq,GL,1578958954,98,46,60.92,-46.05,261.15,2.1
99,simao,CN,1578958955,3,85,22.79,100.97,280.94,0.86
100,kapaa,US,1578958793,90,78,22.08,-159.32,300.15,10.8
101,hobyo,SO,1578958955,17,78,5.35,48.53,297.97,8.73
102,haukipudas,FI,1578958955,20,80,65.17,25.5,275.15,6.7
103,makakilo city,US,1578958955,90,83,21.35,-158.09,300.15,5.7
104,severnyy,RU,1578958956,90,92,50.68,36.55,273.15,3.0
105,new norfolk,AU,1578958956,75,59,-42.78,147.06,295.93,2.6
106,tomatlan,MX,1578958956,24,48,19.93,-105.25,300.87,1.33
107,alugan,PH,1578958956,66,83,12.22,125.48,300.28,4.74
108,fort nelson,CA,1578958956,20,74,58.81,-122.7,243.15,0.29
109,waingapu,ID,1578958957,100,72,-9.66,120.26,300.57,2.79
110,qaanaaq,GL,1578958957,0,45,77.48,-69.36,250.47,1.99
111,thinadhoo,MV,1578958957,100,74,0.53,72.93,300.89,4.69
112,saint-pierre,RE,1578958957,68,73,-21.34,55.48,298.15,3.1
113,nanortalik,GL,1578958957,79,58,60.14,-45.24,266.72,3.13
114,bauta,CU,1578958958,20,74,22.98,-82.55,299.15,7.2
115,visnes,NO,1578958958,100,81,59.36,5.22,280.15,15.9
116,asfi,MA,1578958958,90,78,32.3,-9.24,281.45,1.29
117,pisco,PE,1578958958,75,30,-13.7,-76.22,295.15,9.3
118,nizwa,OM,1578958959,28,53,22.93,57.53,283.46,0.48
119,two rivers,US,1578958959,90,79,44.15,-87.57,271.48,2.1
120,guarapari,BR,1578958959,75,83,-20.67,-40.5,300.15,5.7
121,guerrero negro,MX,1578958959,68,69,27.98,-114.06,289.75,5.64
122,pilar,BR,1578958959,75,83,-9.6,-35.96,299.15,2.6
123,saint-philippe,RE,1578958960,66,73,-21.36,55.77,298.15,3.1
124,athabasca,CA,1578958692,100,94,54.72,-113.29,243.19,3.17
125,kahului,US,1578958686,40,58,20.89,-156.47,301.15,7.2
126,elat,IL,1578958960,17,71,29.56,34.95,287.15,4.1
127,san juan,AR,1578958960,4,41,-31.54,-68.54,306.11,10.28
128,castro,BR,1578958961,98,86,-24.79,-50.01,292.6,3.45
129,xichang,CN,1578958961,58,94,27.9,102.26,272.24,1.26
130,la ronge,CA,1578958961,75,68,55.1,-105.28,247.15,2.6
131,porto novo,BJ,1578958961,20,88,6.5,2.6,301.15,3.6
132,lompoc,US,1578958962,20,71,34.64,-120.46,290.93,8.2
133,cherskiy,RU,1578958962,97,88,68.75,161.3,243.24,5.37
134,port elizabeth,ZA,1578958962,75,94,-33.92,25.57,295.15,5.7
135,faya,SA,1578958962,14,81,18.39,42.45,283.15,3.1
136,moyeuvre-grande,FR,1578958963,100,87,49.25,6.05,280.15,8.7
137,ribeira grande,PT,1578958963,100,84,38.52,-28.7,288.35,12.83
138,gawler,AU,1578958963,0,50,-34.6,138.73,303.71,3.1
139,belyy yar,RU,1578958963,100,77,53.6,91.39,258.15,2.03
140,ahipara,NZ,1578958963,54,77,-35.17,173.17,297.59,4.57
141,keti bandar,PK,1578958963,0,46,24.14,67.45,290.71,4.78
142,vianden,LU,1578958964,100,100,49.94,6.21,280.37,7.2
143,haverfordwest,GB,1578958964,97,75,51.8,-4.97,284.26,4.47
144,vila franca do campo,PT,1578958964,75,82,37.72,-25.43,290.15,12.3
145,haines junction,CA,1578958964,0,83,60.75,-137.51,245.03,2.07
146,college,US,1578958964,90,84,64.86,-147.8,255.37,0.65
147,waunakee,US,1578958965,90,86,43.19,-89.46,271.48,3.6
148,jinxi,CN,1578958965,99,86,30.43,116.29,277.33,1.99
149,ostersund,SE,1578958965,50,64,63.18,14.64,273.15,6.2
150,sola,VU,1578958965,98,77,-13.88,167.55,302.05,4.59
151,ola,RU,1578958965,65,76,59.58,151.28,254.94,2.89
152,kodiak,US,1578958966,75,59,57.79,-152.41,275.93,4.1
153,faanui,PF,1578958966,85,78,-16.48,-151.75,300.09,8.39
154,comodoro rivadavia,AR,1578958943,75,42,-45.87,-67.5,301.15,3.6
155,sesheke,ZM,1578958966,82,92,-17.48,24.3,293.39,1.42
156,tecoanapa,MX,1578958966,16,70,16.52,-98.75,300.8,1.97
157,hanzhong,CN,1578958967,39,84,33.07,107.03,274.13,0.12
158,alofi,NU,1578958967,75,79,-19.06,-169.92,303.15,5.1
159,teofilo otoni,BR,1578958724,75,65,-17.86,-41.51,296.3,1.18
160,saint anthony,US,1578958967,75,79,45.02,-93.22,271.15,3.6
161,yucca valley,US,1578958967,1,14,34.11,-116.43,291.48,3.1
162,san patricio,MX,1578958968,5,78,19.22,-104.7,301.15,2.6
163,xining,CN,1578958968,76,72,36.62,101.77,262.43,2.64
164,east london,ZA,1578958926,43,84,-33.02,27.91,296.61,5.06
165,camacha,PT,1578958968,40,72,33.08,-16.33,290.15,4.6
166,santa cecilia,BR,1578958968,51,70,-26.96,-50.43,290.51,3.43
167,tura,IN,1578958969,0,90,25.52,90.22,287.38,0.71
168,bredasdorp,ZA,1578958969,96,83,-34.53,20.04,296.48,4.02
169,vestmanna,FO,1578958969,100,87,62.16,-7.17,279.15,11.3
170,rio gallegos,AR,1578958969,75,55,-51.62,-69.22,292.15,4.6
171,ilulissat,GL,1578958969,100,71,69.22,-51.1,258.15,9.8
172,uruguaiana,BR,1578958969,44,78,-29.75,-57.09,299.15,3.1
173,aksu,CN,1578958970,100,91,41.12,80.26,269.11,0.22
174,lerwick,GB,1578958970,85,75,60.15,-1.15,281.15,17.0
175,carnarvon,AU,1578958970,81,78,-24.87,113.63,299.8,2.35
176,naryan-mar,RU,1578958970,16,91,67.67,53.09,255.72,4.66
177,provideniya,RU,1578958970,75,73,64.38,-173.3,267.15,8.0
178,tautira,PF,1578958971,75,69,-17.73,-149.15,301.15,2.1
179,sulangan,PH,1578958971,2,79,11.14,123.72,299.83,3.66
180,nantucket,US,1578958905,90,100,41.28,-70.1,278.71,3.6
181,kaniama,CD,1578958971,86,96,-7.57,24.18,291.88,0.46
182,dingle,PH,1578958971,78,82,11.0,122.67,297.48,3.75
183,pevek,RU,1578958971,100,98,69.7,170.31,252.17,1.98
184,arzachena,IT,1578958972,67,93,41.08,9.39,278.15,2.1
185,grevesmuhlen,DE,1578958972,99,92,53.87,11.18,278.15,4.47
186,havoysund,NO,1578958972,75,92,71.0,24.66,271.15,4.6
187,avarua,CK,1578958972,50,74,-21.21,-159.78,302.15,8.2
188,ossora,RU,1578958972,100,98,59.24,163.07,268.73,1.54
189,marquette,US,1578958967,90,86,46.53,-87.63,270.93,3.1
190,longyearbyen,SJ,1578958973,20,77,78.22,15.64,255.15,4.1
191,obo,CF,1578958973,53,22,5.4,26.49,291.07,1.44
192,necochea,AR,1578958973,87,80,-38.55,-58.74,293.71,5.81
193,leshukonskoye,RU,1578958974,97,95,64.9,45.76,265.14,2.83
194,katherine,AU,1578958974,75,69,-14.47,132.27,301.15,1.01
195,nome,US,1578958974,90,79,64.5,-165.41,269.15,5.7
196,tabuk,PH,1578958974,99,88,17.42,121.44,295.04,2.5
197,hasaki,JP,1578958975,20,93,35.73,140.83,278.15,3.1
198,cooma,AU,1578958975,90,63,-36.23,149.13,291.15,3.6
199,saskylakh,RU,1578958975,0,91,71.92,114.08,248.68,4.14
200,klaksvik,FO,1578958975,88,87,62.23,-6.59,279.15,11.3
201,cairns,AU,1578958884,40,74,-16.92,145.77,303.15,6.2
202,havre-saint-pierre,CA,1578958976,90,65,50.23,-63.6,258.15,1.0
203,lebu,CL,1578958976,11,83,-37.62,-73.65,287.28,4.63
204,mayo,US,1578958976,1,87,38.89,-76.51,282.59,0.74
205,rio grande,BR,1578958909,0,71,-32.03,-52.1,295.37,1.34
206,aklavik,CA,1578958976,5,74,68.22,-135.01,251.15,3.1
207,karasjok,NO,1578958977,100,78,69.47,25.51,265.15,4.6
208,keningau,MY,1578958977,75,94,5.34,116.16,298.15,1.0
209,kundla,IN,1578958977,51,52,21.33,71.3,289.65,2.84
210,sorland,NO,1578958977,89,82,67.67,12.69,277.93,7.17
211,madimba,TZ,1578958977,40,88,-10.4,40.33,299.15,3.02
212,saint george,US,1578958822,0,34,37.1,-113.58,284.15,1.6
213,shimanovsk,RU,1578958978,12,96,52.0,127.7,249.15,1.47
214,namibe,AO,1578958978,82,84,-15.2,12.15,296.1,5.97
215,forio,IT,1578958978,5,76,40.73,13.86,285.15,2.6
216,geraldton,AU,1578958979,90,83,-28.77,114.6,296.15,6.7
217,inongo,CD,1578958979,93,66,-1.95,18.27,296.86,0.98
218,tambopata,PE,1578958979,75,100,-12.73,-69.18,274.15,0.5
219,cabrero,CL,1578958979,0,44,-37.03,-72.4,300.15,5.7
220,siverskiy,RU,1578958979,90,88,59.35,30.08,275.93,4.0
221,anadyr,RU,1578958924,0,65,64.75,177.48,260.15,2.0
222,la union,PE,1578958980,0,56,-5.4,-80.75,299.97,8.86
223,dikson,RU,1578958980,100,93,73.51,80.55,256.28,10.51
224,bonavista,CA,1578958847,63,71,48.65,-53.11,263.71,8.05
225,dukhovshchina,RU,1578958980,100,98,55.19,32.41,273.78,2.96
226,buala,SB,1578958981,91,70,-8.14,159.59,303.71,5.91
227,roebourne,AU,1578958981,80,68,-20.78,117.13,303.1,6.3
228,puerto escondido,MX,1578958981,5,66,15.85,-97.07,303.15,4.1
229,lagoa,PT,1578958981,100,78,39.05,-27.98,290.19,16.0
230,nabire,ID,1578958982,100,95,-3.37,135.48,296.95,0.32
231,talcahuano,CL,1578958841,5,77,-36.72,-73.12,291.15,6.7
232,las cruces,US,1578958982,1,11,32.31,-106.78,293.15,9.3
233,vernon,CA,1578958982,90,54,50.26,-119.27,257.59,5.1
234,rudbar,AF,1578958982,7,61,30.15,62.6,277.68,1.39
235,ancud,CL,1578958983,75,77,-41.87,-73.82,289.15,2.1
236,tuatapere,NZ,1578958983,34,44,-46.13,167.68,290.5,2.09
237,arona,ES,1578958983,0,54,28.1,-16.68,292.04,3.6
238,touros,BR,1578958983,20,78,-5.2,-35.46,300.15,5.1
239,christchurch,NZ,1578958983,0,51,-43.53,172.63,291.48,4.1
240,bac lieu,VN,1578958984,0,75,9.29,105.72,295.64,2.88
241,tiznit,MA,1578958984,15,41,29.58,-9.5,283.6,2.29
242,souillac,MU,1578958984,75,94,-20.52,57.52,299.82,1.5
243,honningsvag,NO,1578958984,90,86,70.98,25.97,270.15,9.8
244,avera,US,1578958985,90,92,33.19,-82.53,295.15,2.74
245,esperance,AU,1578958983,75,82,-33.87,121.9,292.15,6.2
246,oranjemund,NA,1578958985,81,90,-28.55,16.43,291.18,4.83
247,vestmannaeyjar,IS,1578958985,100,57,63.44,-20.27,275.65,18.25
248,puerto ayacucho,VE,1578958774,20,55,5.66,-67.62,304.15,4.1
249,marabba,SD,1578958986,0,16,12.35,32.18,290.78,3.74
250,ust-koksa,RU,1578958986,100,94,50.27,85.61,259.99,2.62
251,korocha,RU,1578958986,90,94,50.81,37.2,273.15,3.0
252,cabo san lucas,MX,1578958987,20,53,22.89,-109.91,297.59,2.6
253,conceicao da barra,BR,1578958987,61,88,-18.59,-39.73,299.77,7.21
254,ayan,RU,1578958987,16,73,56.45,138.17,252.13,3.42
255,prince rupert,CA,1578958987,1,41,54.32,-130.32,266.15,2.6
256,susanville,US,1578958987,75,64,40.42,-120.65,277.15,7.2
257,hurricane,US,1578958838,0,34,37.18,-113.29,284.15,1.6
258,abha,SA,1578958988,9,81,18.22,42.51,283.15,3.1
259,kuznechnoye,RU,1578958988,4,90,61.12,29.87,274.82,5.1
260,koungou,YT,1578958988,75,83,-12.73,45.2,301.15,5.7
261,bambanglipuro,ID,1578958988,100,84,-7.95,110.28,298.18,1.41
262,clyde river,CA,1578958988,75,76,70.47,-68.59,251.15,8.7
263,alta floresta,BR,1578958989,12,91,-9.88,-56.09,296.31,0.84
264,tasiilaq,GL,1578958989,100,38,65.61,-37.64,269.15,5.7
265,poum,NC,1578958989,81,78,-20.23,164.02,300.15,11.24
266,takoradi,GH,1578958989,0,87,4.88,-1.76,298.86,1.58
267,severo-kurilsk,RU,1578958989,78,90,50.68,156.12,266.69,11.28
268,najran,SA,1578958990,15,39,17.49,44.13,282.15,1.17
269,uusikaupunki,FI,1578958991,75,93,60.8,21.41,275.15,5.7
270,passa quatro,BR,1578958897,100,95,-22.39,-44.97,294.82,0.55
271,flinders,AU,1578958825,20,60,-34.58,150.86,299.82,1.5
272,talnakh,RU,1578958992,75,84,69.49,88.4,260.15,15.0
273,ariquemes,BR,1578958992,100,96,-9.91,-63.04,296.83,1.63
274,mahebourg,MU,1578958992,75,94,-20.41,57.7,299.82,1.5
275,manjacaze,MZ,1578958992,18,93,-24.71,33.88,295.6,1.86
276,trairi,BR,1578958992,98,88,-3.28,-39.27,297.2,0.53
277,codrington,AU,1578958992,0,83,-38.27,141.97,290.77,5.18
278,salisbury,GB,1578958993,100,93,51.07,-1.8,282.15,6.2
279,tefe,BR,1578958993,40,74,-3.35,-64.71,302.15,1.5
280,kurilsk,RU,1578958993,66,74,45.23,147.88,269.0,6.16
281,rio do sul,BR,1578958993,66,86,-27.21,-49.64,291.44,1.86
282,batagay-alyta,RU,1578958993,93,99,67.8,130.41,246.5,0.98
283,shimoda,JP,1578958994,40,71,34.67,138.95,283.15,4.1
284,sur,OM,1578958994,23,68,22.57,59.53,289.59,1.0
285,sao gabriel,BR,1578958994,0,46,-30.34,-54.32,300.14,7.98
286,bowen,AU,1578958994,40,66,-20.02,148.23,303.15,5.7
287,morros,BR,1578958995,38,69,-9.45,-46.3,298.48,1.17
288,naze,JP,1578958786,20,72,28.37,129.48,288.15,3.1
289,yellowknife,CA,1578958866,20,65,62.46,-114.35,235.37,2.6
290,clifton,US,1578958995,75,75,40.86,-74.16,281.48,1.34
291,gweta,BW,1578958995,45,48,-20.18,25.23,299.27,5.08
292,puerto quijarro,BO,1578958996,81,74,-17.78,-57.77,300.0,1.24
293,hualmay,PE,1578958996,10,78,-11.1,-77.61,294.07,2.19
294,fortuna,US,1578958996,75,100,40.6,-124.16,283.15,5.7
295,portland,US,1578958895,90,80,45.52,-122.68,277.59,2.1
296,dolores,AR,1578958996,80,72,-36.31,-57.68,291.6,5.05
297,eravur,LK,1578958997,57,71,7.77,81.61,296.52,3.02
298,george town,MY,1578958942,20,83,5.41,100.34,298.15,1.0
299,zenzeli,RU,1578958997,81,82,45.92,47.05,273.3,7.35
300,lulea,SE,1578958997,70,81,65.58,22.15,273.15,2.6
301,brenham,US,1578958997,90,93,30.17,-96.4,291.48,2.01
302,carrollton,US,1578958724,90,77,32.95,-96.89,289.26,3.6
303,balabac,PH,1578958998,32,78,7.99,117.06,300.0,4.46
304,visby,SE,1578958998,8,92,57.64,18.3,275.93,3.6
305,leningradskiy,RU,1578958998,76,94,69.38,178.42,249.15,2.88
306,saldanha,ZA,1578958998,21,96,-33.01,17.94,291.96,5.9
307,mongoumba,CF,1578958999,87,40,3.64,18.59,294.46,0.7
308,codajas,BR,1578958999,99,95,-3.84,-62.06,296.57,0.81
309,gladstone,AU,1578958820,40,58,-23.85,151.25,301.15,5.1
310,urusha,RU,1578958999,2,96,54.05,122.9,246.68,0.93
311,kruisfontein,ZA,1578958999,67,93,-34.0,24.73,292.61,1.38
312,antropovo,RU,1578959000,41,95,58.4,43.01,269.01,3.12
313,fort-de-france,MQ,1578959000,7,78,14.61,-61.07,298.15,5.1
314,okoneshnikovo,RU,1578959000,100,90,54.84,75.08,261.66,7.1
315,orange cove,US,1578959000,1,66,36.62,-119.31,287.59,1.87
316,la mitra,PA,1578959000,20,70,8.84,-79.79,302.59,5.7
317,alice springs,AU,1578958813,5,11,-23.7,133.88,306.15,5.7
318,vostok,RU,1578959001,100,95,46.49,135.88,253.23,1.38
319,port blair,IN,1578959001,0,75,11.67,92.75,299.09,4.54
320,sibolga,ID,1578959001,80,96,1.74,98.78,294.6,1.3
321,gusau,NG,1578959001,0,27,12.16,6.66,296.54,3.56
322,dwarka,IN,1578959002,0,50,22.24,68.97,293.8,4.82
323,tual,ID,1578959002,100,76,-5.67,132.75,301.7,3.45
324,anuradhapura,LK,1578958810,69,92,8.36,80.42,291.22,1.56
325,bilma,NE,1578959002,99,26,18.69,12.92,291.38,5.47
326,rock springs,US,1578959002,90,67,41.59,-109.2,267.15,7.2
327,almenara,BR,1578959002,0,66,-16.18,-40.69,295.5,1.29
328,palana,RU,1578959003,100,77,59.12,159.97,265.91,2.55
329,kazerun,IR,1578959003,0,73,29.62,51.65,278.76,0.22
330,penzance,GB,1578959003,100,70,50.12,-5.54,282.59,10.3
331,grindavik,IS,1578959003,90,74,63.84,-22.43,274.15,15.9
332,villa carlos paz,AR,1578959003,63,74,-31.42,-64.5,301.15,2.1
333,balikpapan,ID,1578959004,25,81,-1.27,116.83,300.15,2.68
334,blagoyevo,RU,1578959004,100,95,63.37,47.92,262.67,1.21
335,palmer,US,1578958940,90,86,42.16,-72.33,277.15,2.1
336,pimentel,PE,1578959004,37,29,-6.84,-79.93,292.15,10.8
337,guisa,CU,1578959004,20,69,20.25,-76.54,299.15,6.2
338,otjiwarongo,NA,1578959005,8,100,-20.46,16.65,291.15,0.5
339,kunming,CN,1578959005,0,87,25.04,102.72,279.15,4.0
340,grand gaube,MU,1578959005,75,94,-20.01,57.66,299.82,1.5
341,isangel,VU,1578959005,75,70,-19.55,169.27,303.15,4.1
342,rehnan,IR,1578959006,100,74,32.68,51.6,271.15,1.0
343,halifax,CA,1578958969,90,100,44.65,-63.57,269.82,3.1
344,nouadhibou,MR,1578959006,19,39,20.93,-17.03,291.15,2.6
345,nador,MA,1578959006,9,81,35.17,-2.93,283.15,2.6
346,den helder,NL,1578959007,90,87,52.96,4.76,283.15,11.3
347,vila velha,BR,1578959007,75,83,-20.33,-40.29,300.15,5.7
348,ponta do sol,PT,1578959007,20,72,32.67,-17.1,289.15,2.6
349,vanavara,RU,1578959007,100,98,60.34,102.28,254.17,2.05
350,goya,AR,1578959007,68,48,-29.14,-59.26,304.25,4.63
351,nisia floresta,BR,1578959007,20,78,-6.09,-35.21,300.15,4.6
352,bathsheba,BB,1578959008,75,74,13.22,-59.52,299.15,8.2
353,saint-augustin,CA,1578959008,86,75,51.23,-58.65,259.86,7.76
354,roald,NO,1578959008,97,39,62.58,6.13,281.48,5.7
355,kosh-agach,RU,1578959008,100,87,50.0,88.67,250.26,1.29
356,marigot,MF,1578959008,40,69,18.07,-63.08,299.15,8.7
357,charters towers,AU,1578959008,19,51,-20.1,146.27,303.5,4.16
358,dauphin,CA,1578958730,90,84,51.15,-100.05,258.15,4.1
359,hofn,IS,1578959009,100,94,64.25,-15.21,274.27,25.69
360,pasni,PK,1578958940,0,42,25.26,63.47,284.39,3.83
361,myitkyina,MM,1578959009,0,75,25.38,97.4,283.7,1.5
362,freeport,US,1578958711,90,93,40.66,-73.58,281.15,2.6
363,iwanai,JP,1578959010,100,80,42.97,140.51,268.42,2.44
364,nhulunbuy,AU,1578959010,40,79,-12.23,136.77,303.15,5.1
365,salinopolis,BR,1578959010,6,78,-0.61,-47.36,300.86,4.89
366,yumen,CN,1578959010,96,56,40.28,97.2,264.76,10.46
367,de-kastri,RU,1578959010,0,91,51.47,140.78,254.49,4.55
368,tiksi,RU,1578959010,99,90,71.69,128.87,246.9,2.03
369,markova,UA,1578959011,100,86,48.68,24.41,268.93,2.79
370,leh,IN,1578959011,75,86,34.17,77.58,255.68,3.17
371,abu samrah,SY,1578959011,35,77,35.3,37.18,280.07,0.18
372,gao,ML,1578959011,47,13,16.64,1.64,289.43,7.07
373,paciran,ID,1578959011,100,87,-6.88,112.38,298.59,2.42
374,wucheng,CN,1578959011,98,88,29.6,118.17,276.16,2.64
375,limon,CR,1578959012,75,88,10.0,-83.03,298.15,1.5
376,taoudenni,ML,1578959012,27,34,22.68,-3.98,284.63,5.15
377,opuwo,NA,1578959012,40,57,-18.06,13.84,294.11,1.4
378,wolomin,PL,1578959012,20,86,52.34,21.24,278.71,1.5
379,mangrol,IN,1578959013,33,64,21.12,70.12,292.57,5.9
380,acarau,BR,1578959013,97,84,-2.89,-40.12,298.27,1.62
381,teknaf,BD,1578959013,0,97,20.86,92.31,285.93,0.76
382,mpwapwa,TZ,1578959013,39,95,-6.35,36.48,291.35,0.7
383,cap malheureux,MU,1578959013,75,94,-19.98,57.61,299.82,1.5
384,amahai,ID,1578959013,99,69,-3.33,128.92,301.03,1.35
385,synya,RU,1578959014,78,99,65.37,58.04,252.53,1.56
386,viransehir,TR,1578959014,0,51,37.24,39.76,276.38,2.46
387,kununurra,AU,1578959014,40,88,-15.77,128.73,299.15,4.1
388,dhidhdhoo,MV,1578959014,100,62,6.88,73.1,300.54,4.95
389,banfora,BF,1578959015,0,18,10.63,-4.77,297.67,3.66
390,san ramon,US,1578958959,90,76,37.78,-121.98,287.15,2.1
391,beceni,RO,1578959015,5,92,45.38,26.78,271.15,2.1
392,uchiza,PE,1578959015,24,94,-8.46,-76.46,292.57,1.25
393,shuangcheng,CN,1578959016,82,75,45.35,126.28,244.15,2.0
394,fougeres,FR,1578959016,90,93,48.35,-1.2,284.82,7.7
395,kavieng,PG,1578959016,100,81,-2.57,150.8,301.35,11.7
396,luderitz,NA,1578959016,0,77,-26.65,15.16,291.15,6.7
397,petropavlovsk-kamchatskiy,RU,1578959017,90,100,53.05,158.65,272.15,2.0
398,griffith,US,1578958851,90,86,41.53,-87.42,274.82,1.82
399,tougue,GN,1578959017,0,29,11.47,-11.6,291.72,1.43
400,arawa,PG,1578959017,87,74,-6.21,155.54,301.42,2.08
401,banda aceh,ID,1578959008,77,91,5.56,95.32,295.42,2.34
402,mitsamiouli,KM,1578959017,0,72,-11.38,43.28,301.73,1.69
403,qaqortoq,GL,1578959018,18,46,60.72,-46.03,261.15,2.1
404,matara,LK,1578959018,45,91,5.95,80.54,294.56,1.19
405,texarkana,US,1578958792,90,66,33.43,-94.05,287.04,2.1
406,kempten,DE,1578959018,23,35,47.73,10.31,273.71,2.1
407,launceston,AU,1578958950,90,60,-41.45,147.17,297.04,7.2
408,broken hill,AU,1578959019,0,19,-31.95,141.43,303.15,4.6
409,dicabisagan,PH,1578959019,91,86,17.08,122.42,296.63,3.47
410,fairbanks,US,1578958833,90,84,64.84,-147.72,255.37,0.59
411,murgab,TM,1578959020,75,86,37.5,61.97,271.15,2.1
412,pasighat,IN,1578959020,0,66,28.07,95.33,285.29,1.11
413,chenzhou,CN,1578958934,100,89,25.8,113.03,279.38,1.89
414,milkovo,RU,1578959020,100,94,54.72,158.62,262.26,0.71
415,kupang,ID,1578958979,75,94,-10.17,123.58,299.15,0.5
416,along,IN,1578959021,0,72,28.17,94.77,280.7,2.04
417,armeria,MX,1578959021,40,42,18.93,-103.97,302.15,1.4
418,hua hin,TH,1578959021,75,88,12.57,99.96,298.15,4.6
419,te anau,NZ,1578959021,31,68,-45.42,167.72,284.01,0.54
420,natal,BR,1578959022,20,78,-5.79,-35.21,300.15,4.6
421,greeley,US,1578959022,1,30,40.42,-104.71,279.15,4.1
422,maddur,IN,1578959022,83,91,12.6,77.07,290.65,1.31
423,mount pleasant,US,1578958925,90,100,32.79,-79.86,296.15,1.5
424,estelle,US,1578959023,1,88,29.85,-90.11,295.93,1.5
425,mayskiy,RU,1578959023,40,93,47.69,40.1,275.15,5.0
426,cangucu,BR,1578959023,0,71,-31.39,-52.68,295.37,1.34
427,lagos,NG,1578959023,20,88,6.58,3.75,301.15,1.0
428,peniche,PT,1578959024,75,76,39.36,-9.38,285.93,3.6
429,henties bay,NA,1578959024,42,89,-22.12,14.28,292.04,0.89
430,imbituba,BR,1578959024,40,83,-28.24,-48.67,298.15,4.6
431,novovorontsovka,UA,1578959024,100,86,47.5,33.92,274.14,2.09
432,muisne,EC,1578959024,90,94,0.6,-80.03,299.15,4.1
433,santa cruz,BO,1578959000,75,78,-17.8,-63.17,300.15,4.6
434,carolina,PR,1578958742,40,78,18.38,-65.96,299.15,7.2
435,sao borja,BR,1578959025,51,77,-28.66,-56.0,299.12,2.2
436,korla,CN,1578959025,100,67,41.76,86.15,264.46,0.5
437,nara,JP,1578958785,20,69,34.69,135.8,280.15,2.1
438,constitucion,CL,1578959026,37,89,-35.33,-72.42,287.37,5.35
439,livadiya,RU,1578959026,0,75,42.87,132.68,260.08,3.39
440,denpasar,ID,1578958824,20,88,-8.65,115.22,300.15,2.1
441,yamada,JP,1578959026,92,72,39.47,141.95,275.71,0.42
442,sao filipe,CV,1578959026,94,74,14.9,-24.5,294.03,6.66
443,kibala,TD,1578959027,16,55,9.11,18.35,291.15,1.69
444,inirida,CO,1578959027,39,69,3.87,-67.92,298.88,1.08
445,baiquan,CN,1578959027,0,96,47.58,126.08,250.93,1.41
446,saint-paul,RE,1578959028,65,78,-21.01,55.27,298.15,4.1
447,the valley,AI,1578958798,40,65,18.22,-63.06,299.15,7.2
448,manaure,CO,1578959028,20,51,11.78,-72.44,303.15,8.2
449,coihaique,CL,1578959028,75,42,-45.58,-72.07,293.15,4.6
450,port hedland,AU,1578959029,75,74,-20.32,118.57,304.15,5.1
451,topchanchi,IN,1578959029,0,53,23.9,86.2,285.77,0.7
452,ortakoy,TR,1578959029,0,92,38.74,34.04,270.15,0.5
453,bystryy istok,RU,1578959029,98,96,52.37,84.39,264.07,1.43
454,iqaluit,CA,1578959030,75,58,63.75,-68.51,254.15,5.7
455,svetlaya,RU,1578959030,27,63,46.54,138.33,261.52,3.93
456,san angelo,US,1578959030,96,62,31.46,-100.44,292.04,4.18
457,port augusta,AU,1578959030,0,73,-32.5,137.77,305.37,6.2
458,le port,RE,1578959030,65,78,-20.94,55.29,298.15,4.1
459,charkhi dadri,IN,1578959031,6,92,28.6,76.27,281.23,2.68
460,simbahan,PH,1578959031,81,82,6.3,120.58,300.42,5.79
461,mumbwa,ZM,1578959031,100,96,-14.98,27.06,291.09,0.38
462,eskisehir,TR,1578959014,0,92,39.78,30.52,272.15,3.1
463,vila,PT,1578959031,75,100,42.03,-8.16,287.04,6.7
464,springbok,ZA,1578959032,18,40,-29.66,17.89,292.99,2.27
465,gigmoto,PH,1578959032,64,78,13.78,124.39,300.38,8.45
466,ust-maya,RU,1578959032,100,98,60.42,134.53,245.5,0.98
467,ajdabiya,LY,1578959032,100,89,30.76,20.23,286.48,8.56
468,karratha,AU,1578959032,65,80,-20.74,116.85,302.57,7.6
469,turukhansk,RU,1578959032,100,92,65.82,87.98,258.51,6.67
470,shingu,JP,1578959033,20,60,33.73,135.98,279.15,2.6
471,san quintin,MX,1578959033,0,75,30.48,-115.95,287.8,6.58
472,turayf,SA,1578959033,20,93,31.67,38.66,279.15,4.1
473,damara,CF,1578959033,84,88,4.96,18.7,298.15,1.0
474,kuzino,RU,1578959033,95,92,57.02,59.44,266.5,4.55
475,sayla,IN,1578959033,14,59,22.55,71.47,286.77,3.56
476,nefteyugansk,RU,1578959034,75,100,61.1,72.6,267.15,5.0
477,bull savanna,JM,1578959034,10,85,17.89,-77.59,293.57,1.96
478,mariental,NA,1578959034,64,45,-24.63,17.97,301.15,2.1
479,paamiut,GL,1578959034,7,69,61.99,-49.67,262.26,8.82
480,george,ZA,1578959034,95,94,-33.96,22.46,295.15,1.0
481,ranapur,IN,1578959035,10,58,22.65,74.53,287.56,2.07
482,vagur,FO,1578959035,100,87,61.47,-6.81,279.05,16.91
483,luena,AO,1578959035,100,87,-11.78,19.92,291.04,0.83
484,russell,US,1578959035,90,88,32.35,-85.2,294.15,0.81
485,sept-iles,CA,1578959035,90,59,50.2,-66.38,258.71,4.1
486,arman,RU,1578959035,38,92,59.7,150.17,254.33,5.25
487,campbell river,CA,1578959036,90,62,50.02,-125.24,271.15,2.6
488,galbshtadt,RU,1578959036,16,92,53.23,78.98,256.74,5.01
489,tagusao,PH,1578959036,48,79,9.19,117.81,298.36,1.35
490,margate,GB,1578959036,100,93,51.38,1.39,284.15,15.9
491,marovoay,MG,1578959036,20,94,-16.1,46.63,298.15,1.5
492,poya,NC,1578959037,65,78,-21.35,165.15,298.73,8.75
493,ocampo,MX,1578959037,64,29,21.65,-101.5,291.1,3.91
494,clinton,US,1578959037,90,80,42.59,-82.92,276.15,2.1
495,pontal,BR,1578959037,100,74,-21.02,-48.04,300.15,3.6
496,tera,NE,1578959037,58,13,14.01,0.75,293.26,4.99
497,usinsk,RU,1578959038,25,97,65.99,57.53,251.91,3.01
498,varberg,SE,1578959038,94,93,57.11,12.25,278.71,5.1
499,hirara,JP,1578959038,20,77,24.8,125.28,291.15,2.6
500,uray,RU,1578959038,100,95,60.12,64.78,265.51,3.33
501,atar,MR,1578959038,13,27,20.52,-13.05,286.73,5.41
502,namtsy,RU,1578959039,99,74,62.72,129.67,242.15,2.0
503,northam,GB,1578959039,100,87,51.03,-4.22,282.04,4.1
504,opotiki,NZ,1578959039,81,65,-38.08,177.28,292.59,2.24
505,espanola,US,1578958929,1,23,35.99,-106.08,282.15,3.1
506,nadym,RU,1578959039,98,95,65.53,72.52,263.22,4.23
507,maunabo,PR,1578959040,75,74,18.01,-65.9,299.15,6.7
508,sosnovo-ozerskoye,RU,1578959040,94,100,52.52,111.54,245.65,1.96
509,dahuk,IQ,1578958994,0,54,36.87,42.99,273.2,2.53
510,hami,CN,1578959040,100,42,42.8,93.45,266.97,1.41
511,asau,RO,1578959040,12,92,46.43,26.4,272.59,1.5
512,paita,PE,1578959040,0,100,-5.09,-81.11,290.15,6.2
513,dawson creek,CA,1578958953,40,61,55.77,-120.24,245.15,3.1
514,schinnen,NL,1578959041,75,81,50.94,5.89,284.26,9.8
515,singaraja,ID,1578959041,46,74,-8.11,115.09,301.24,1.43
516,aksarka,RU,1578959041,95,94,66.56,67.8,258.59,3.02
517,vilhena,BR,1578958867,40,88,-12.74,-60.15,298.15,2.1
518,marsciano,IT,1578959042,100,86,42.91,12.34,278.15,2.6
519,saint-leu,RE,1578959042,65,73,-21.15,55.28,298.15,3.1
520,kidal,ML,1578959042,26,25,18.44,1.41,284.2,6.43
521,puerto colombia,CO,1578959042,69,74,10.99,-74.95,300.15,6.7
522,monrovia,LR,1578959043,20,94,6.3,-10.8,298.15,2.42
523,nemuro,JP,1578959043,59,71,43.32,145.57,269.19,3.7
524,san andres,CO,1578959043,20,74,12.58,-81.7,301.15,6.2
525,dalby,AU,1578959043,75,57,-27.18,151.27,303.71,5.7
526,guanica,PR,1578959043,40,74,17.97,-66.91,299.26,10.3
527,amapa,BR,1578959043,31,98,1.0,-52.0,295.21,0.7
528,moundou,TD,1578959044,0,13,8.57,16.08,294.08,1.78
529,kirakira,SB,1578959044,100,81,-10.45,161.92,301.13,2.8
530,asosa,ET,1578959044,56,33,10.07,34.53,290.91,1.69
531,port macquarie,AU,1578959044,75,65,-31.43,152.92,300.93,2.6
532,alibag,IN,1578959045,20,83,18.64,72.88,297.15,2.1
533,houma,US,1578958841,75,94,29.6,-90.72,296.15,2.6
534,maningrida,AU,1578959045,100,74,-12.07,134.27,302.2,1.76
535,rawson,AR,1578959002,84,69,-43.3,-65.1,293.49,12.21
536,beira,MZ,1578959045,75,94,-19.84,34.84,298.15,1.5
537,ramnagar,IN,1578959046,86,87,29.4,79.12,284.86,0.69
538,hervey bay,AU,1578959046,40,61,-25.3,152.85,302.59,5.7
539,anloga,GH,1578959046,40,88,5.79,0.9,301.15,2.6
540,lavrentiya,RU,1578959046,1,76,65.58,-171.0,256.57,5.83
541,pacific grove,US,1578959047,1,62,36.62,-121.92,287.15,4.1
542,moss point,US,1578959047,90,100,30.41,-88.53,295.15,1.72
543,carnot,CF,1578959047,100,21,4.94,15.87,294.2,1.25
544,sun prairie,US,1578958983,90,86,43.18,-89.21,271.48,3.1
545,bridlington,GB,1578959047,100,81,54.08,-0.19,280.37,8.2
546,homer,US,1578959048,90,79,59.64,-151.55,270.15,2.1
547,luganville,VU,1578959048,90,100,-15.53,167.17,299.15,3.1
548,mount gambier,AU,1578959048,1,64,-37.83,140.77,294.15,4.1
